"orden";"sitios";"codigo";"fecha";"año";"campaña";"tem_agua";"tem_aire";"od";"ph";"olores";"color";"espumas";"mat_susp";"colif_fecales_ufc_100ml";"escher_coli_ufc_100ml";"enteroc_ufc_100ml";"nitrato_mg_l";"nh4_mg_l";"p_total_l_mg_l";"fosf_ortofos_mg_l";"dbo_mg_l";"dqo_mg_l";"turbiedad_ntu";"hidr_deriv_petr_ug_l";"cr_total_mg_l";"cd_total_mg_l";"clorofila_a_ug_l";"microcistina_ug_l";"ica";"calidad_de_agua"
"1";"Canal Villanueva y Río Luján";"TI001";"23/2/2022";"2022";"Verano";"24.5";"23.3";"5.3";"6.56";"Ausencia";"Ausencia";"Ausencia";"Presencia";"2200";"100";"130";"2.9";"0.42";"0.23";"0.15";"6.2";"29";"90";"<0.10";"<0.005";"<0.001";"<10";"<0.20";"55";"Muy deteriorada"
"2";"Río Lujan y Arroyo Caraguatá";"TI006";"23/2/2022";"2022";"Verano";"25.4";"23.3";"2.25";"6.56";"Presencia";"Presencia";"Ausencia";"Ausencia";"1200";"200";"400";"3.3";"0.51";"0.41";"0.35";"5.8";"29";"34";"<0.10";"<0.005";"<0.001";"<10";"<0.20";"42";"Extremadamente deteriorada"
"3";"Canal Aliviador y Río Lujan";"TI002";"23/2/2022";"2022";"Verano";"24.6";"23.3";"2.94";"6.59";"Ausencia";"Presencia";"Ausencia";"Ausencia";"1800";"200";"580";"6.5";"0.05";"0.59";"0.54";"1.9";"29";"17";"<0.10";"<0.005";"<0.001";"<10";"0.2";"45";"Muy deteriorada"
"4";"Río Carapachay y Arroyo Gallo Fiambre";"TI003";"23/2/2022";"2022";"Verano";"25.2";"23.3";"2.22";"7.45";"Presencia";"Presencia";"Ausencia";"Ausencia";"1400";"100";"300";"7.4";"1";"0.38";"0.4";"5.8";"29";"23";"<0.10";"<0.005";"<0.001";"<10";"<0.20";"46";"Muy deteriorada"
"5";"Río Reconquista y Río Lujan";"TI004";"23/2/2022";"2022";"Verano";"24.1";"20";"1.02";"6.39";"Ausencia";"Presencia";"Ausencia";"Presencia";"1100";"100";"370";"8.8";"0.049";"0.55";"0.54";"2.6";"59";"18";"<0.10";"<0.005";"<0.001";"<10";"<0.20";"44";"Extremadamente deteriorada"
"6";"Rio Tigre 100m antes del Rio Luján";"TI005";"23/2/2022";"2022";"Verano";"24.9";"23.3";"3.5";"6.53";"Ausencia";"Ausencia";"Ausencia";"Presencia";"3200";"200";"750";"4.4";"3.5";"1.1";"0.91";"3.9";"130";"8.9";"<0.10";"<0.005";"<0.001";"<10";"<0.20";"40";"Extremadamente deteriorada"
"7";"Río Lujan y Canal San Fernando";"TI007";"23/2/2022";"2022";"Verano";"24.5";"20";"1.5";"6.54";"Ausencia";"Presencia";"Ausencia";"Presencia";"18000";"1500";"100";"5.6";"2";"0.73";"0.6";"3.5";"42";"12";"<0.10";"<0.005";"<0.001";"<10";"0.4";"35";"Extremadamente deteriorada"
"8";"Río Capitán y Río San Antonio";"TI008";"23/2/2022";"2022";"Verano";"24.5";"21";"6.3";"6.48";"Ausencia";"Presencia";"Ausencia";"Ausencia";"1000";"200";"1200";"3.1";"0.049";"0.17";"0.16";"5.5";"69";"90";"<0.10";"<0.005";"<0.001";"<10";"<0.20";"46";"Muy deteriorada"
"9";"Arroyo Abra Vieja y Santa Rosa";"TI009";"23/2/2022";"2022";"Verano";"23.4";"21";"4.49";"6.76";"Ausencia";"Ausencia";"Ausencia";"Ausencia";"400";"100";"220";"1.9";"0.1";"0.21";"0.19";"1.9";"29";"39";"<0.10";"<0.005";"<0.001";"<10";"<0.20";"58";"Muy deteriorada"
"10";"Del Arca";"SF015";"23/2/2022";"2022";"Verano";"21.5";"23";"3.85";"6.66";"Ausencia";"Ausencia";"Ausencia";"Presencia";"2200";"100";"270";"5.4";"0.049";"0.28";"0.39";"1.9";"29";"28";"<0.10";"<0.005";"<0.001";"<10";"<0.20";"51";"Muy deteriorada"
"11";"Espigón La Farola";"SI021";"23/2/2022";"2022";"Verano";"no se midió";"no se midió";"no se midió";"no se midió";"no se midió";"no se midió";"no se midió";"no se midió";"no se midió";"no se midió";"no se midió";"no se midió";"no se midió";"no se midió";"no se midió";"no se midió";"no se midió";"no se midió";"no se midió";"no se midió";"no se midió";"no se midió";"no se midió";"NA";""
"12";"Reserva Ecológica";"SI022";"23/2/2022";"2022";"Verano";"27";"26";"5.83";"6.9";"Ausencia";"Ausencia";"Ausencia";"Ausencia";"6000";"800";"760";"5.9";"0.75";"0.22";"0.18";"1.9";"41";"19";"<0.10";"<0.005";"<0.001";"<10";"<0.20";"46";"Muy deteriorada"
"13";"Playa Espigón de Pacheco";"SI024";"23/2/2022";"2022";"Verano";"26.5";"27";"5.3";"7.49";"Ausencia";"Ausencia";"Ausencia";"Ausencia";"no se midió";"no se midió";"no se midió";"no se midió";"no se midió";"no se midió";"no se midió";"no se midió";"no se midió";"no se midió";"no se midió";"no se midió";"no se midió";"no se midió";"no se midió";"NA";""
"14";"Perú Puente";"SI023";"23/2/2022";"2022";"Verano";"26.1";"27";"1.8";"6.2";"Ausencia";"Ausencia";"Ausencia";"Presencia";"28000";"5200";"3300";"1.9";"7.2";"0.43";"0.32";"7.1";"29";"7.5";"<0.10";"<0.005";"<0.001";"<10";"<0.20";"33";"Extremadamente deteriorada"
"15";"Reserva Barrio El Ceibo";"VL033";"23/2/2022";"2022";"Verano";"no se midió";"23";"no se midió";"no se midió";"Ausencia";"Ausencia";"Ausencia";"Ausencia";"5500";"100";"650";"4.9";"0.94";"0.28";"0.33";"1.9";"29";"14";"<0.10";"<0.005";"<0.001";"<10";"<0.20";"45";"Muy deteriorada"
"16";"Puerto de Olivos Espigón";"VL032";"23/2/2022";"2022";"Verano";"no se midió";"22";"no se midió";"no se midió";"Ausencia";"Ausencia";"Ausencia";"Ausencia";"6500";"200";"1700";"7.3";"0.63";"0.27";"0.32";"1.9";"29";"17";"<0.10";"<0.005";"<0.001";"<10";"<0.20";"40";"Extremadamente deteriorada"
"17";"Costa y Melo";"VL031";"23/2/2022";"2022";"Verano";"no se midió";"22";"no se midió";"no se midió";"Ausencia";"Ausencia";"Ausencia";"Ausencia";"4200";"500";"240";"5.9";"0.41";"0.24";"0.69";"1.9";"29";"22";"<0.10";"<0.005";"<0.001";"<10";"<0.20";"47";"Muy deteriorada"
"18";"Parque de los Niños";"CA041";"23/2/2022";"2022";"Verano";"26.1";"no se midió";"4.8";"7.4";"Ausencia";"Ausencia";"Ausencia";"Ausencia";"1800";"1300";"10";"4.6";"1.2";"0.24";"0.2";"no se midió";"29";"22";"no se midió";"<0.005";"<0.002";"no se midió";"no se midió";"54";"Muy deteriorada"
"19";"Costanera Norte - Espigón Abanico";"CA044";"23/2/2022";"2022";"Verano";"25.4";"no se midió";"7.3";"7.4";"Ausencia";"Ausencia";"Ausencia";"Ausencia";"900";"700";"30";"4";"0.9";"0.33";"0.36";"11";"29";"22";"no se midió";"<0.005";"<0.002";"no se midió";"no se midió";"59";"Muy deteriorada"
"20";"Club de Pescadores";"CA046";"23/2/2022";"2022";"Verano";"24.7";"no se midió";"5.6";"7.4";"Ausencia";"Ausencia";"Ausencia";"Ausencia";"1300";"600";"100";"3.1";"0.6";"0.22";"0.2";"7";"29";"35";"no se midió";"<0.005";"<0.002";"no se midió";"no se midió";"60";"Muy deteriorada"
"21";"Reserva Ecológica Costanera Sur - Playita";"CA047";"23/2/2022";"2022";"Verano";"24.7";"no se midió";"8";"7.5";"Ausencia";"Ausencia";"Ausencia";"Ausencia";"400";"200";"20";"5.1";"0.5";"0.18";"0.35";"4.9";"29";"31";"no se midió";"<0.005";"<0.002";"no se midió";"no se midió";"76";"Deteriorada"
"22";"Escollera de Propaneros";"AV054";"23/2/2022";"2022";"Verano";"27.4";"22.2";"3.63";"7.43";"Ausencia";"Ausencia";"Ausencia";"Ausencia";"2700";"2100";"350";"10";"0.049";"0.65";"0.65";"5.2";"29";"12";"<0.10";"<0.005";"<0.001";"70.8";"<0.20";"44";"Extremadamente deteriorada"
"23";"Polo Petroquímico Dock Sud";"AV051";"23/2/2022";"2022";"Verano";"25.7";"22.2";"4.13";"7.58";"Ausencia";"Ausencia";"Ausencia";"Ausencia";"5200";"600";"180";"6.9";"0.97";"0.42";"0.34";"5.2";"46";"22";"<0.10";"<0.005";"<0.001";"20.7";"<0.20";"45";"Muy deteriorada"
"24";"Arroyo Sarandí";"AV052";"23/2/2022";"2022";"Verano";"26.3";"25.2";"4.43";"7.81";"Ausencia";"Ausencia";"Ausencia";"Ausencia";"2500";"2000";"140";"8.6";"0.049";"0.69";"0.52";"9.2";"29";"17";"<0.10";"<0.005";"<0.001";"130.2";"<0.20";"44";"Extremadamente deteriorada"
"25";"Costa de Villa Domínico";"AV055";"23/2/2022";"2022";"Verano";"25.1";"25.2";"7.51";"8.62";"Ausencia";"Ausencia";"Ausencia";"Ausencia";"1400";"300";"2200";"8.9";"0.8";"0.85";"0.49";"15";"94";"19";"<0.10";"<0.005";"<0.001";"<10";"<0.20";"39";"Extremadamente deteriorada"
"26";"Arroyo Santo Domingo";"AV053";"23/2/2022";"2022";"Verano";"25.8";"25.2";"9.29";"8.83";"Ausencia";"Ausencia";"Ausencia";"Ausencia";"3800";"1600";"1100";"6.5";"1.9";"0.8";"0.69";"14";"35";"13";"<0.10";"<0.005";"<0.001";"<10";"<0.20";"39";"Extremadamente deteriorada"
"27";"Espora 400 m";"QU061";"23/2/2022";"2022";"Verano";"23";"22";"10.6";"8.2";"Ausencia";"Ausencia";"Ausencia";"Ausencia";"1200";"100";"20";"6";"0.049";"0.4";"0.39";"1.9";"29";"26";"<0.10";"<0.005";"<0.001";"42.1";"<0.20";"59";"Muy deteriorada"
"28";"Náutico 400 m";"QU062";"23/2/2022";"2022";"Verano";"24";"23";"9.59";"7.94";"Ausencia";"Ausencia";"Ausencia";"Ausencia";"1000";"100";"10";"5.7";"0.06";"0.39";"0.29";"no se midió";"29";"26";"<0.10";"<0.005";"<0.001";"28";"1";"48";"Muy deteriorada"
"29";"Pejerrey Club 400 m";"QU063";"23/2/2022";"2022";"Verano";"23";"22";"12.15";"8.5";"Ausencia";"Ausencia";"Ausencia";"Ausencia";"1000";"200";"10";"4.3";"0.049";"0.37";"0.31";"4.4";"49";"36";"<0.10";"<0.005";"<0.001";"140.8";"<0.20";"55";"Muy deteriorada"
"30";"Calle 14 y Costa - Salida cloaca";"BZ078";"23/2/2022";"2022";"Verano";"23";"20";"7.91";"7.93";"Ausencia";"Ausencia";"Ausencia";"Ausencia";"3000";"100";"450";"4.1";"0.08";"0.37";"0.27";"12";"29";"45";"<0.10";"<0.005";"<0.001";"164.9";"<0.20";"48";"Muy deteriorada"
"31";"Puerto Trinidad calle 47";"BZ077";"23/2/2022";"2022";"Verano";"no se midió";"no se midió";"no se midió";"no se midió";"no se midió";"no se midió";"no se midió";"no se midió";"no se midió";"no se midió";"no se midió";"no se midió";"no se midió";"no se midió";"no se midió";"no se midió";"no se midió";"no se midió";"no se midió";"no se midió";"no se midió";"no se midió";"no se midió";"NA";""
"32";"Costanera Hudson Calle 63";"BZ080";"23/2/2022";"2022";"Verano";"26";"23";"9.58";"9.01";"Ausencia";"Ausencia";"Ausencia";"Ausencia";"1100";"300";"1500";"4";"0.08";"0.57";"0.58";"7.2";"135";"85";"<0.10";"<0.005";"<0.001";"414.8";"1";"40";"Extremadamente deteriorada"
"33";"Boca Cerrada (Res.Nat. Punta Lara)";"EN-extra";"23/2/2022";"2022";"Verano";"no se midió";"25";"no se midió";"no se determinó";"Ausencia";"Ausencia";"Ausencia";"Ausencia";"";"";"";"5.6";"0.049";"0.33";"0.32";"3.1";"29";"45";"<0.10";"0.005";"<0.001";"54.1";"<0.20";"55";"Muy deteriorada"
"34";"Camping Eva Perón";"EN081";"23/2/2022";"2022";"Verano";"23.4";"27";"10.34";"9.16";"Presencia";"Presencia";"Presencia";"Presencia";"1200";"100";"40";"5.2";"0.06";"0.39";"0.38";"4.7";"29";"65";"<0.10";"<0.005";"<0.001";"77.2";"<0.20";"42";"Extremadamente deteriorada"
"35";"Toma de agua Club de Pesca";"EN082";"23/2/2022";"2022";"Verano";"24.7";"27";"7.17";"8.11";"Ausencia";"Ausencia";"Ausencia";"Ausencia";"750";"300";"130";"6.3";"0.049";"0.35";"0.24";"1.9";"29";"34";"<0.10";"<0.005";"<0.001";"13.4";"<0.20";"56";"Muy deteriorada"
"36";"Arroyo El Gato";"EN083";"23/2/2022";"2022";"Verano";"24.2";"27";"3.54";"7.76";"Ausencia";"Ausencia";"Ausencia";"Ausencia";"5000";"400";"850";"13.1";"0.049";"0.33";"0.21";"7.4";"29";"12";"<0.10";"<0.005";"<0.001";"<10";"<0.20";"46";"Muy deteriorada"
"37";"Ensenada Prefectura Isla Santiago";"EN084";"23/2/2022";"2022";"Verano";"23.9";"27";"8.08";"8.31";"Ausencia";"Ausencia";"Ausencia";"Ausencia";"1800";"100";"80";"8";"0.1";"0.27";"0.22";"1.9";"29";"35";"<0.10";"<0.005";"<0.001";"17.4";"<0.20";"57";"Muy deteriorada"
"38";"Balneario Palo Blanco";"BS092";"23/2/2022";"2022";"Verano";"22";"20";"6.59";"7.91";"Ausencia";"Ausencia";"Ausencia";"Ausencia";"700";"100";"360";"2.9";"0.049";"1.3";"0.5";"5";"29";"11";"<0.10";"<0.005";"<0.001";"<10";"<0.20";"50";"Muy deteriorada"
"39";"Diagonal 66 (descarga cloaca)";"BS095";"23/2/2022";"2022";"Verano";"20";"18";"6.56";"8.11";"Presencia";"Presencia";"Presencia";"Presencia";"150000";"2800";"20000";"2";"0.049";"1.5";"1.3";"8.4";"29";"4.1";"<0.10";"<0.005";"<0.001";"<10";"<0.20";"31";"Extremadamente deteriorada"
"40";"Playa La Bagliardi";"BS091";"23/2/2022";"2022";"Verano";"20";"18";"6.03";"7.3";"Ausencia";"Ausencia";"Ausencia";"Ausencia";"3500";"200";"1800";"1.9";"0.23";"1.4";"0.44";"5.4";"47";"18";"<0.10";"<0.005";"<0.001";"<10";"<0.20";"44";"Extremadamente deteriorada"
"41";"Balneario Municipal";"BS094";"23/2/2022";"2022";"Verano";"20";"17";"7.4";"7.84";"Ausencia";"Ausencia";"Ausencia";"Ausencia";"5000";"200";"1100";"2.2";"0.45";"0.44";"0.68";"";"29";"130";"<0.10";"0.0062";"<0.001";"<10";"0.3";"44";"Extremadamente deteriorada"
"42";"Playa La Balandra";"BS093";"23/2/2022";"2022";"Verano";"20";"17";"6.99";"7.75";"Ausencia";"Ausencia";"Ausencia";"Ausencia";"6000";"100";"7500";"1.9";"0.18";"0.54";"0.85";"2.4";"32";"110";"<0.10";"0.0061";"<0.001";"<10";"<0.20";"42";"Extremadamente deteriorada"
"1";"Canal Villanueva y Río Luján";"TI001";"4/5/2022";"2022";"otoño";"19.6";"16";"7.73";"7.03";"Ausencia";"Ausencia";"Ausencia";"Presencia";"1000";"200";"50";"7.7";"<0.05";"0.17";"0.10";"3.4";"48";"60";"<0.10";"<0.005";"<0.001";"<10";"<0.15";"59";"Muy deteriorada"
"2";"Río Lujan y Arroyo Caraguatá";"TI006";"4/5/2022";"2022";"otoño";"18.6";"16";"4.28";"6.72";"Ausencia";"Ausencia";"Ausencia";"Ausencia";"150000";"12000";"1440";"8.8";"0.6";"0.30";"0.27";"4.6";"62";"60";"<0.10";"<0.005";"<0.001";"<10";"<0.15";"36";"Extremadamente deteriorada"
"3";"Canal Aliviador y Río Lujan";"TI002";"4/5/2022";"2022";"otoño";"18.6";"16";"5.47";"6.8";"Ausencia";"Ausencia";"Ausencia";"Ausencia";"40000";"10000";"110";"3.9";"<0.05";"0.33";"0.29";"<2.0";"49";"65";"<0.10";"0.006";"<0.001";"<10";"<0.15";"42";"Extremadamente deteriorada"
"4";"Río Carapachay y Arroyo Gallo Fiambre";"TI003";"4/5/2022";"2022";"otoño";"18.2";"16";"5.79";"6.94";"Ausencia";"Presencia";"Ausencia";"Ausencia";"60000";"2000";"380";"4.5";"0.05";"0.25";"0.22";"2.5";"39";"80";"<0.10";"<0.005";"<0.001";"<10";"<0.15";"40";"Extremadamente deteriorada"
"5";"Río Reconquista y Río Lujan";"TI004";"4/5/2022";"2022";"otoño";"18.2";"16";"4.9";"6.85";"Presencia";"Ausencia";"Ausencia";"Presencia";"28000";"5200";"460";"8.5";"0.25";"0.71";"0.35";"3.6";"67";"70";"<0.10";"0.01";"<0.001";"<10";"<0.15";"37";"Extremadamente deteriorada"
"6";"Rio Tigre 100m antes del Rio Luján";"TI005";"4/5/2022";"2022";"otoño";"17";"13";"4.29";"6.76";"Ausencia";"Ausencia";"Ausencia";"Presencia";"106000";"8000";"770";"11.3";"0.21";"0.51";"0.41";"3.5";"54";"80";"<0.10";"0.009";"<0.001";"<10";"<0.15";"37";"Extremadamente deteriorada"
"7";"Río Lujan y Canal San Fernando";"TI007";"4/5/2022";"2022";"otoño";"17.4";"13";"5.05";"6.74";"Ausencia";"Ausencia";"Ausencia";"Presencia";"30000";"2300";"300";"8.3";"0.26";"0.33";"0.30";"2.8";"63";"60";"<0.10";"<0.005";"<0.001";"<10";"<0.15";"41";"Extremadamente deteriorada"
"8";"Río Capitán y Río San Antonio";"TI008";"4/5/2022";"2022";"otoño";"18.3";"13";"7.85";"7.02";"Ausencia";"Ausencia";"Ausencia";"Ausencia";"2500";"300";"50";"3.9";"<0.05";"0.10";"0.10";"<2.0";"60";"50";"<0.10";"<0.005";"<0.001";"<10";"<0.15";"58";"Muy deteriorada"
"9";"Arroyo Abra Vieja y Santa Rosa";"TI009";"4/5/2022";"2022";"otoño";"18.5";"16";"7.85";"7.32";"Ausencia";"Ausencia";"Ausencia";"Ausencia";"2200";"50";"50";"2.6";"<0.05";"0.13";"0.11";"<2.0";"58";"65";"<0.10";"<0.005";"<0.001";"<10";"<0.15";"61";"Muy deteriorada"
"10";"Del Arca";"SF015";"4/5/2022";"2022";"otoño";"17";"14";"5.56";"7.3";"ausencia";"ausencia";"ausencia";"ausencia";"90000";"4200";"1500";"5.1";"0.98";"0.26";"0.24";"<2.0";"34";"50";"<0.10";"<0.005";"<0.001";"<10";"<0.15";"39";"Extremadamente deteriorada"
"11";"Espigón La Farola";"SI021";"4/5/2022";"2022";"otoño";"no se midió";"no se midió";"no se midió";"no se midió";"no se midió";"no se midió";"no se midió";"no se midió";"no se midió";"no se midió";"no se midió";"no se midió";"no se midió";"no se midió";"no se midió";"no se midió";"no se midió";"no se midió";"no se midió";"no se midió";"no se midió";"no se midió";"no se midió";"NA";""
"12";"Reserva Ecológica";"SI022";"4/5/2022";"2022";"otoño";"17.5";"16";"6.7";"7.1";"Ausencia";"Ausencia";"Ausencia";"Ausencia";"3500";"300";"160";"6.1";"0.45";"0.18";"0.15";"<2.0";"180";"45";"<0.10";"<0.005";"<0.001";"<10";"<0.15";"55";"Muy deteriorada"
"13";"Playa Espigón de Pacheco";"SI024";"4/5/2022";"2022";"otoño";"17.4";"18";"6.5";"7.39";"Ausencia";"Ausencia";"Ausencia";"Ausencia";"10000";"4500";"440";"8.2";"0.91";"0.25";"0.25";"<2.0";"80";"31";"<0.10";"<0.005";"<0.001";"<10";"<0.15";"44";"Extremadamente deteriorada"
"14";"Perú Puente";"SI023";"4/5/2022";"2022";"otoño";"20";"17";"1.39";"7.4";"Ausencia";"Ausencia";"Ausencia";"Presencia";"96000";"44000";"4200";"10.8";"5.7";"0.77";"0.73";"5.2";"57";"2.5";"<0.10";"<0.005";"<0.001";"<10";"<0.15";"35";"Extremadamente deteriorada"
"15";"Reserva Barrio El Ceibo";"VL033";"4/5/2022";"2022";"otoño";"no se midió";"23";"no se midió";"no se midió";"Ausencia";"Ausencia";"Ausencia";"Ausencia";"3000";"700";"350";"9.1";"0.41";"0.23";"0.20";"<2.0";"54";"27";"<0.10";"<0.005";"<0.001";"<10";"<0.15";"50";"Muy deteriorada"
"16";"Puerto de Olivos Espigón";"VL032";"4/5/2022";"2022";"otoño";"no se midió";"22";"no se midió";"no se midió";"Ausencia";"Ausencia";"Ausencia";"Ausencia";"68000";"7000";"730";"8.6";"0.87";"0.23";"0.20";"3.3";"64";"33";"<0.10";"<0.005";"<0.001";"<10";"<0.15";"37";"Extremadamente deteriorada"
"17";"Costa y Melo";"VL031";"4/5/2022";"2022";"otoño";"no se midió";"22";"no se midió";"no se midió";"Ausencia";"Ausencia";"Ausencia";"Ausencia";"170000";"10000";"1500";"8";"0.49";"0.24";"0.20";"2.4";"77";"45";"<0.10";"<0.005";"<0.001";"<10";"<0.15";"38";"Extremadamente deteriorada"
"18";"Parque de los Niños";"CA041";"4/5/2022";"2022";"otoño";"17.7";"no se midió";"7.8";"7.6";"Ausencia";"Ausencia";"Ausencia";"Ausencia";"26000";"10000";"960";"10.1";"0.77";"no se midió";"0.19";"<5";"<50";"71";"<0.10";"<0.005";"<0.001";"<10";"<0.15";"42";"Extremadamente deteriorada"
"19";"Costanera Norte - Espigón Abanico";"CA044";"4/5/2022";"2022";"otoño";"16.4";"no se midió";"6.2";"7.3";"Ausencia";"Ausencia";"Ausencia";"Ausencia";"20000";"15000";"800";"7.1";"1.16";"no se midió";"0.20";"<5";"<50";"84";"<0.10";"<0.005";"<0.001";"<10";"<0.15";"42";"Extremadamente deteriorada"
"20";"Club de Pescadores";"CA046";"4/5/2022";"2022";"otoño";"18.2";"no se midió";"5";"7.4";"Ausencia";"Ausencia";"Ausencia";"Ausencia";"104000";"50000";"5000";"9.7";"2.05";"no se midió";"0.18";"<5";"<50";"85";"<0.10";"<0.005";"<0.001";"<10";"<0.15";"39";"Extremadamente deteriorada"
"21";"Reserva Ecológica Costanera Sur - Playita";"CA047";"4/5/2022";"2022";"otoño";"16.4";"no se midió";"9";"7.4";"Ausente";"Ausente";"Ausente";"Ausente";"19000";"5000";"560";"8.2";"0.77";"no se midió";"0.17";"<5";"<50";"75";"<0.10";"<0.005";"<0.001";"<10";"<0.15";"43";"Extremadamente deteriorada"
"22";"Escollera de Propaneros";"AV054";"4/5/2022";"2022";"otoño";"17.8";"14";"4.78";"7.47";"Ausente";"Ausente";"Ausente";"Ausente";"80000";"5000";"850";"4.3";"1.7";"0.52";"0.43";"4.2";"89";"75";"<0.10";"0.015";"<0.001";"<10";"<0.15";"37";"Extremadamente deteriorada"
"23";"Polo Petroquímico Dock Sud";"AV051";"4/5/2022";"2022";"otoño";"17.8";"14";"4.28";"7.42";"Ausente";"Ausente";"Ausente";"Ausente";"270000";"6000";"300";"3.9";"2";"0.45";"0.42";"4.1";"65";"45";"<0.10";"0.007";"<0.001";"<10";"<0.15";"36";"Extremadamente deteriorada"
"24";"Arroyo Sarandí";"AV052";"4/5/2022";"2022";"otoño";"18.4";"14";"4.46";"7.5";"Ausente";"Ausente";"Ausente";"Ausente";"103000";"35000";"640";"11.5";"<0.05";"0.79";"0.73";"no se midió";"80";"23";"<0.10";"0.008";"<0.001";"<10";"<0.15";"38";"Extremadamente deteriorada"
"25";"Costa de Villa Domínico";"AV055";"4/5/2022";"2022";"otoño";"17";"14";"2.28";"7.6";"Ausente";"Ausente";"Ausente";"Ausente";"420000";"28000";"1100";"3.4";"4.8";"1.2";"0.88";"no se midió";"84";"13";"<0.10";"0.007";"<0.001";"<10";"<0.15";"35";"Extremadamente deteriorada"
"26";"Arroyo Santo Domingo";"AV053";"4/5/2022";"2022";"otoño";"17.9";"14";"3.43";"7.46";"Ausente";"Ausente";"Ausente";"Ausente";"20000";"4200";"230";"3.7";"2.9";"0.65";"0.53";"no se midió";"53";"22";"<0.10";"0.006";"<0.001";"<10";"<0.15";"39";"Extremadamente deteriorada"
"27";"Espora 400 m";"QU061";"4/5/2022";"2022";"otoño";"16";"13";"5.97";"7.05";"Ausencia";"Ausencia";"Ausencia";"Ausencia";"27000";"300";"5";"11.9";"<0.05";"0.53";"0.50";"7.3";"90";"34";"<0.10";"<0.005";"<0.001";"<10";"<0.15";"45";"Muy deteriorada"
"28";"Náutico 400 m";"QU062";"4/5/2022";"2022";"otoño";"16.1";"13";"5.14";"6.93";"Ausencia";"Ausencia";"Ausencia";"Ausencia";"20000";"150";"100";"12.1";"<0.05";"0.43";"0.41";"4.3";"82";"37";"<0.10";"<0.005";"<0.001";"<10";"<0.15";"45";"Muy deteriorada"
"29";"Pejerrey Club 400 m";"QU063";"4/5/2022";"2022";"otoño";"15.3";"13";"9.97";"7.61";"Ausencia";"Ausencia";"Ausencia";"Ausencia";"170000";"110";"180";"11.3";"0.41";"0.49";"0.40";"9.4";"48";"38";"<0.10";"<0.005";"<0.001";"1030";"<0.15";"40";"Extremadamente deteriorada"
"30";"Calle 14 y Costa - Salida cloaca";"BZ078";"4/5/2022";"2022";"otoño";"15.8";"15";"10.83";"9.39";"Presencia";"Ausencia";"Ausencia";"Ausencia";"70000";"2000";"370";"5.8";"<0.05";"0.54";"0.54";"16";"62";"60";"<0.10";"0.007";"<0.001";"<10";"<0.15";"36";"Extremadamente deteriorada"
"31";"Puerto Trinidad calle 47";"BZ077";"4/5/2022";"2022";"otoño";"16.7";"15";"12";"8.81";"Ausencia";"Ausencia";"Ausencia";"Ausencia";"280000";"3600";"1580";"10";"0.18";"0.70";"0.67";"12";"110";"45";"<0.10";"0.02";"<0.001";"<10";"<0.15";"36";"Extremadamente deteriorada"
"32";"Costanera Hudson Calle 63";"BZ080";"4/5/2022";"2022";"otoño";"17";"17";"17.61";"9.98";"Ausencia";"Ausencia";"Ausencia";"Ausencia";"20000";"1000";"800";"6.2";"<0.05";"0.52";"0.43";"18";"59";"60";"<0.10";"0.007";"<0.001";"<10";"<0.15";"40";"Extremadamente deteriorada"
"33";"Boca Cerrada (Res.Nat. Punta Lara)";"EN-extra";"4/5/2022";"2022";"otoño";"no se midió";"8";"no se midió";"no se midió";"Ausencia";"Ausencia";"Ausencia";"Ausencia";"1800";"400";"50";"3.9";"<0.05";"0.53";"0.52";"9.4";"72";"90";"<0.10";"0.006";"<0.001";"<10";"<0.15";"51";"Muy deteriorada"
"34";"Camping Eva Perón";"EN081";"4/5/2022";"2022";"otoño";"13.6";"8";"12.84";"10.02";"Ausencia";"Ausencia";"Ausencia";"Ausencia";"1600";"50";"10";"4.7";"<0.05";"0.40";"0.37";"5.4";"74";"90";"<0.10";"0.007";"<0.001";"<10";"<0.15";"59";"Muy deteriorada"
"35";"Toma de agua Club de Pesca";"EN082";"4/5/2022";"2022";"otoño";"14.3";"8";"8.57";"8.09";"Ausencia";"Ausencia";"Ausencia";"Ausencia";"500";"20";"10";"8.4";"<0.05";"0.23";"0.17";"<2.0";"64";"55";"<0.10";"<0.005";"<0.001";"120";"<0.15";"64";"Muy deteriorada"
"36";"Arroyo El Gato";"EN083";"4/5/2022";"2022";"otoño";"14.5";"8";"5.71";"7.52";"Ausencia";"Ausencia";"Ausencia";"Ausencia";"20000";"1100";"1540";"21.9";"<0.05";"0.34";"0.30";"10";"63";"24";"<0.10";"<0.005";"<0.001";"350";"1.67";"40";"Extremadamente deteriorada"
"37";"Ensenada Prefectura Isla Santiago";"EN084";"4/5/2022";"2022";"otoño";"15.6";"8";"7.75";"7.99";"Ausencia";"Ausencia";"Ausencia";"Ausencia";"1600";"200";"45";"13.2";"<0.05";"0.23";"0.18";"2.3";"56";"55";"<0.10";"<0.005";"<0.001";"350";"<0.15";"55";"Muy deteriorada"
"38";"Balneario Palo Blanco";"BS092";"4/5/2022";"2022";"otoño";"8";"13";"no midio la sonda";"7.76";"Ausencia";"Ausencia";"Ausencia";"Ausencia";"30000";"10000";"800";"12.5";"<0.05";"0.39";"0.32";"5.8";"70";"19";"<0.10";"<0.005";"<0.001";"<10";"<0.15";"41";"Extremadamente deteriorada"
"39";"Diagonal 66 (descarga cloaca)";"BS095";"4/5/2022";"2022";"otoño";"8";"12";"7.2";"7.99";"Presencia";"Presencia";"Presencia";"Presencia";"400000";"150000";"28000";"<2.0";"8.5";"1.2";"0.85";"7.1";"66";"3.3";"<0.10";"<0.005";"<0.001";"<10";"<0.15";"29";"Extremadamente deteriorada"
"40";"Playa La Bagliardi";"BS091";"4/5/2022";"2022";"otoño";"7";"10";"no midio la sonda";"7.6";"Ausencia";"Ausencia";"Ausencia";"Ausencia";"1400";"400";"1160";"6.4";"0.41";"0.28";"0.22";"2.5";"71";"12";"<0.10";"<0.005";"<0.001";"<10";"<0.15";"50";"Muy deteriorada"
"41";"Balneario Municipal";"BS094";"4/5/2022";"2022";"otoño";"7";"10";"9.1";"8.47";"Ausencia";"Ausencia";"Ausencia";"Ausencia";"600";"230";"260";"6.1";"0.11";"0.25";"0.21";"<2.0";"82";"70";"<0.10";"<0.005";"<0.001";"<10";"<0.15";"59";"Muy deteriorada"
"42";"Playa La Balandra";"BS093";"4/5/2022";"2022";"otoño";"6";"9";"no midio la sonda";"8.59";"Ausencia";"Ausencia";"Ausencia";"Ausencia";"600";"330";"190";"6.8";"<0.05";"0.29";"0.27";"2.0";"88";"75";"<0.10";"<0.005";"<0.001";"<10";"<0.15";"55";"Muy deteriorada"
"1";"Canal Villanueva y Río Luján";"TI001";"23/8/2022";"2022";"invierno";"13.8";"14";"8.61";"7.06";"Ausencia";"Ausencia";"Ausencia";"Ausencia";"900";"80";"90";"2.1";"23";"0.14";"0.14";"<2.0";"<30";"22";" <0.10";"<0.005";"<0.001";"<10";" <0.15";"49";"Muy deteriorada"
"2";"Río Lujan y Arroyo Caraguatá";"TI006";"23/8/2022";"2022";"invierno";"13.3";"13";"7.5";"7.08";"Ausencia";"Ausencia";"Ausencia";"Ausencia";"10000";"600";"300";"3";"0.44";"0.11";"0.11";"<2.0";"<30";"30";" <0.10";"<0.005";"<0.001";"<10";" <0.15";"46";"Muy deteriorada"
"3";"Canal Aliviador y Río Lujan";"TI002";"23/8/2022";"2022";"invierno";"14.4";"14";"0.45";"7.14";"Presencia";"Ausencia";"Ausencia";"Ausencia";"4200000";"186";"11";"<2.0";"23";"2.8";"2.6";"42";"75";"13";" <0.10";"0.0095";"<0.001";"<10";" <0.15";"29";"Extremadamente deteriorada"
"4";"Río Carapachay y Arroyo Gallo Fiambre";"TI003";"23/8/2022";"2022";"invierno";"12.7";"13";"8.18";"7.09";"Ausencia";"Ausencia";"Ausencia";"Ausencia";"3000";"100";"580";"2.6";"0.28";"0.13";"0.13";"<2.0";"<30";"32";" <0.10";"<0.005";"<0.001";"<10";" <0.15";"53";"Muy deteriorada"
"5";"Río Reconquista y Río Lujan";"TI004";"23/8/2022";"2022";"invierno";"13.5";"13";"2.17";"6.92";"Ausencia";"Ausencia";"Ausencia";"Ausencia";"76000";"9";"780";"3.3";"5";"0.49";"0.49";"6.8";"<30";"6";" 0.10";"<0.005";"<0.001";"<10";" <0.15";"35";"Extremadamente deteriorada"
"6";"Rio Tigre 100m antes del Rio Luján";"TI005";"23/8/2022";"2022";"invierno";"14.3";"13";"0.36";"6.88";"Ausencia";"Ausencia";"Ausencia";"Presencia";"1070000";"560";"27";"2";"22";"1.9";"0.28";"<2.0";"<30";"33";" 0.20";"0.011";"<0.001";"<10";" <0.15";"32";"Extremadamente deteriorada"
"7";"Río Lujan y Canal San Fernando";"TI007";"23/8/2022";"2022";"invierno";"16.5";"15";"1.13";"7.12";"Presencia";"Presencia";"Ausencia";"Ausencia";"240000";"90";"9";"<2.0";"9.3";"0.86";"0.86";"14";"<30";"6,1";" <0.10";"<5.0";"<0.001";"<10";" <0.15";"25";"Extremadamente deteriorada"
"8";"Río Capitán y Río San Antonio";"TI008";"23/8/2022";"2022";"invierno";"15.6";"17";"9.48";"7.25";"Ausencia";"Ausencia";"Ausencia";"Ausencia";"560";"930";"730";"3.7";"0.1";"<0.10";"<0.10";"<2.0";"<30";"23";" <0.10";"<0.005";"<0.001";"<10";" <0.15";"53";"Muy deteriorada"
"9";"Arroyo Abra Vieja y Santa Rosa";"TI009";"23/8/2022";"2022";"invierno";"15.6";"15";"8.68";"7.13";"Ausencia";"Ausencia";"Ausencia";"Ausencia";"3200";"2";"250";"2.4";"0.11";"0.12";"0.12";"<2.0";"<30";"33";" <0.10";"<0.005";"<0.001";"200";" <0.15";"51";"Muy deteriorada"
"10";"Del Arca";"SF015";"23/8/2022";"2022";"invierno";"16.3";"16";"5.7";"5";"Ausencia";"Ausencia";"Ausencia";"Ausencia";"740000";"15";"5";"8.7";"3.1";"0.47";"0.47";"10";"<30";"19";" <0.10";"<0.005";"<0.001";"930";" <0.15";"34";"Extremadamente deteriorada"
"11";"Espigón La Farola";"SI021";"23/8/2022";"2022";"invierno";"no se midió";"no se midió";"no se midió";"no se midió";"no se midió";"no se midió";"no se midió";"no se midió";"no se midió";"no se midió";"no se midió";"no se midió";"no se midió";"no se midió";"no se midió";"no se midió";"no se midió";"no se midió";"no se midió";"no se midió";"no se midió";"no se midió";"no se midió";"NA";""
"12";"Reserva Ecológica";"SI022";"23/8/2022";"2022";"invierno";"no se midió";"no se midió";"no se midió";"no se midió";"no se midió";"no se midió";"no se midió";"no se midió";"no se midió";"no se midió";"no se midió";"no se midió";"no se midió";"no se midió";"no se midió";"no se midió";"no se midió";"no se midió";"no se midió";"no se midió";"no se midió";"no se midió";"no se midió";"NA";""
"13";"Playa Espigón de Pacheco";"SI024";"23/8/2022";"2022";"invierno";"no se midió";"no se midió";"no se midió";"no se midió";"no se midió";"no se midió";"no se midió";"no se midió";"no se midió";"no se midió";"no se midió";"no se midió";"no se midió";"no se midió";"no se midió";"no se midió";"no se midió";"no se midió";"no se midió";"no se midió";"no se midió";"no se midió";"no se midió";"NA";""
"14";"Perú Puente";"SI023";"23/8/2022";"2022";"invierno";"no se midió";"no se midió";"no se midió";"no se midió";"no se midió";"no se midió";"no se midió";"no se midió";"no se midió";"no se midió";"no se midió";"no se midió";"no se midió";"no se midió";"no se midió";"no se midió";"no se midió";"no se midió";"no se midió";"no se midió";"no se midió";"no se midió";"no se midió";"NA";""
"15";"Reserva Barrio El Ceibo";"VL033";"23/8/2022";"2022";"invierno";"17.1";"17";"9.87";"7.99";"Ausencia";"Ausencia";"Ausencia";"Ausencia";"13000";"6";"2";"20.6";"0.49";"<0.10";"0.42";"6.5";"<30";"12";" <0.10";"<0.005";"<0.001";"<10";" <0.15";"42";"Extremadamente deteriorada"
"16";"Puerto de Olivos Espigón";"VL032";"23/8/2022";"2022";"invierno";"16.1";"17";"9.82";"7.76";"Ausencia";"Ausencia";"Ausencia";"Ausencia";"40000";"1";"450";"12.8";"0.95";"0.32";"0.32";"12";"36";"16";" <0.10";"<0.005";"<0.001";"740";" <0.15";"37";"Extremadamente deteriorada"
"17";"Costa y Melo";"VL031";"23/8/2022";"2022";"invierno";"13.1";"15";"10.43";"8.02";"Ausencia";"Ausencia";"Ausencia";"Ausencia";"160000";"4";"2";"16.4";"0.22";"0.42";"0.42";"5.6";"<30";"12";" <0.10";"<0.005";"<0.001";"<10";" <0.15";"38";"Extremadamente deteriorada"
"18";"Parque de los Niños";"CA041";"23/8/2022";"2022";"invierno";"no se midió";"no se midió";"no se midió";"no se midió";"no se midió";"no se midió";"no se midió";"no se midió";"no se midió";"no se midió";"no se midió";"no se midió";"no se midió";"no se midió";"no se midió";"no se midió";"no se midió";"no se midió";"no se midió";"no se midió";"no se midió";"";"no se midió";"no se midió";""
"19";"Costanera Norte - Espigón Abanico";"CA044";"23/8/2022";"2022";"invierno";"14.6";"";"7";"7.6";"Ausencia";"Ausencia";"Ausencia";"Ausencia";"90000";"30";"2";"13.7";"2.9";"no se midió";"0.4";"<5";"<50";"54";" <0.10";"no se midió";"no se midió";"<10";" <0.15";"36";"Extremadamente deteriorada"
"20";"Club de Pescadores";"CA046";"23/8/2022";"2022";"invierno";"14.9";"";"8.9";"7.8";"Ausencia";"Ausencia";"Ausencia";"Ausencia";"1600000";"18";"2";"11.7";"2";"no se midió";"0.39";"<5";"<50";"67";" <0.10";"no se midió";"no se midió";"<10";" <0.15";"36";"Extremadamente deteriorada"
"21";"Reserva Ecológica Costanera Sur - Playita";"CA047";"23/8/2022";"2022";"invierno";"15.1";"no se midió";"10";"7.8";"Ausencia";"Ausencia";"Ausencia";"Ausencia";"4000";"3";"300";"11.5";"0.75";"no se midió";"0.37";"<5";"<50";"48";" <0.10";"no se midió";"no se midió";"560";" <0.15";"45";"Muy deteriorada"
"22";"Escollera de Propaneros";"AV054";"23/8/2022";"2022";"invierno";"15.03";"14";"3.09";"7.23";"Ausente";"Ausente";"Ausente";"Ausente";"120000";"6";"660";"13";"3.3";"0.54";"0.54";"6.8";"<30";"25";" <0.10";"0.011";"<0.001";"870";" <0.15";"35";"Extremadamente deteriorada"
"23";"Polo Petroquímico Dock Sud";"AV051";"23/8/2022";"2022";"invierno";"14.06";"14";"6.19";"7.51";"Ausente";"Ausente";"Ausente";"Ausente";"40000";"3";"600";"12.6";"1.5";"0.31";"0.31";"3.7";"<30";"50";" <0.10";"<0.005";"<0.001";"250";" <0.15";"38";"Extremadamente deteriorada"
"24";"Arroyo Sarandí";"AV052";"23/8/2022";"2022";"invierno";"14.6";"14";"5.36";"7.48";"Ausente";"Ausente";"Ausente";"Ausente";"40000";"5";"670";"13.3";"2";"0.34";"0.34";"5";"<30";"28";" <0.10";"0.0051";"<0.001";"220";" <0.15";"38";"Extremadamente deteriorada"
"25";"Costa de Villa Domínico";"AV055";"23/8/2022";"2022";"invierno";"15.7";"14";"5.07";"7.55";"Ausente";"Ausente";"Ausente";"Ausente";"70000";"6";"600";"12.6";"3.1";"0.42";"0.42";"5";"<30";"12";" <0.10";"0.0061";"<0.001";"1270";" <0.15";"37";"Extremadamente deteriorada"
"26";"Arroyo Santo Domingo";"AV053";"23/8/2022";"2022";"invierno";"16.6";"14";"5.36";"7.66";"Ausente";"Ausente";"Ausente";"Ausente";"92000";"6";"610";"10.8";"4.1";"0.27";"0.27";"6.5";"<30";"13";" <0.10";"0.005";"<0.001";"310";" <0.15";"37";"Extremadamente deteriorada"
"27";"Espora 400 m";"QU061";"23/8/2022";"2022";"invierno";"14.2";"14";"6.21";"7.12";"Ausencia";"Ausencia";"Ausencia";"Ausencia";"16000";"130";"100";"13.5";"3.9";"0.63";"0.62";"7.3";"<30";"7,5";" <0.10";"0.0069";"<0.001";"<10";" <0.15";"42";"Extremadamente deteriorada"
"28";"Náutico 400 m";"QU062";"23/8/2022";"2022";"invierno";"14.3";"14";"5.77";"7.16";"Presencia";"Ausencia";"Ausencia";"Presencia";"27000";"430";"100";"7.7";"3.8";"0.57";"0.46";"11";"<30";"17";" <0.10";"0.0079";"<0.001";"<10";" <0.15";"33";"Extremadamente deteriorada"
"29";"Pejerrey Club 400 m";"QU063";"23/8/2022";"2022";"invierno";"13.4";"14";"8.05";"7.29";"Ausencia";"Ausencia";"Ausencia";"Ausencia";"50000";"3";"380";"16.3";"1.1";"0.51";"0.39";"11";"<30";"27";" <0.10";"0.0082";"<0.001";"760";" <0.15";"36";"Extremadamente deteriorada"
"30";"Calle 14 y Costa - Salida cloaca";"BZ078";"23/8/2022";"2022";"invierno";"11.01";"17";"10.01";"6.37";"Ausencia";"Ausencia";"Ausencia";"Ausencia";"100000";"13";"2";"8.5";"5.2";"0.62";"0.62";"14";"<30";"10";" <0.10";"0.0064";"<0.001";"1400";" <0.15";"33";"Extremadamente deteriorada"
"31";"Puerto Trinidad calle 47";"BZ077";"23/8/2022";"2022";"invierno";"10.01";"16";"10.22";"8.22";"Presencia";"Ausencia";"Ausencia";"Presencia";"20000";"290";"50";"12.2";"1.9";"0.4";"0.4";"12";"<30";"13";" <0.10";"<0.005";"<0.001";"2130";" <0.15";"33";"Extremadamente deteriorada"
"32";"Costanera Hudson Calle 63";"BZ080";"23/8/2022";"2022";"invierno";"15.1";"15.2";"11.82";"8.37";"Ausencia";"Ausencia";"Ausencia";"Ausencia";"58000";"500";"80";"12.2";"1.5";"0.36";"0.36";"9";"<30";"14";" <0.10";"<0.005";"<0.001";"2500";" <0.15";"38";"Extremadamente deteriorada"
"33";"Boca Cerrada (Res.Nat. Punta Lara)";"EN-extra";"23/8/2022";"2022";"invierno";"no se midió";"16";"no se midió";"no se midió";"Ausencia";"Ausencia";"Ausencia";"Ausencia";"2600";"200";"10";"13.3";"0.88";"0.35";"0.27";"9.4";"<30";"16";" <0.10";"<0.005";"<0.001";"3590";" <0.15";"42";"Extremadamente deteriorada"
"34";"Camping Eva Perón";"EN081";"23/8/2022";"2022";"invierno";"13.9";"10";"10.88";"8.52";"Ausencia";"Ausencia";"Ausencia";"Ausencia";"2400";"370";"140";"13.2";"5.6";"0.95";"0.95";"9.3";"<30";"16";" <0.10";"<0.005";"<0.001";"280";" 0.21";"42";"Extremadamente deteriorada"
"35";"Toma de agua Club de Pesca";"EN082";"23/8/2022";"2022";"invierno";"13";"10";"8.14";"8.14";"Ausencia";"Ausencia";"Ausencia";"Ausencia";"4000";"110";"113";"14.4";"0.33";"0.26";"0.26";"6.5";"<30";"18";" <0.10";"<0.005";"<0.001";"4650";" 0.25";"45";"Muy deteriorada"
"36";"Arroyo El Gato";"EN083";"23/8/2022";"2022";"invierno";"12.8";"9";"2.49";"8.01";"Ausencia";"Ausencia";"Ausencia";"Ausencia";"192000";"60";"24";"2";"22";"1.2";"1.2";"18";"<30";"8,6";" <0.10";"<0.005";"<0.001";"1960";" <0.15";"32";"Extremadamente deteriorada"
"37";"Ensenada Prefectura Isla Santiago";"EN084";"23/8/2022";"2022";"invierno";"12.7";"9";"9";"8.23";"Ausencia";"Ausencia";"Ausencia";"Ausencia";"3000";"720";"250";"14.8";"1.9";"0.15";"0.15";"5.1";"<30";"7,3";" <0.10";"<0.005";"<0.001";"1290";" <0.15";"46";"Muy deteriorada"
"38";"Balneario Palo Blanco";"BS092";"23/8/2022";"2022";"invierno";"12";"14";"No se midió";"8.27";"Ausencia";"Ausencia";"Ausencia";"Ausencia";"50000";"16";"3";"4.1";"12";"1.2";"1.2";"12";"<30";"8,5";" <0.10";"<0.005";"<0.001";"2900";" <0.15";"34";"Extremadamente deteriorada"
"39";"Diagonal 66 (descarga cloaca)";"BS095";"23/8/2022";"2022";"invierno";"11";"14";"No se midió";"8.13";"Presencia";"Presencia";"Presencia";"Presencia";"700000";"440";"30";"2.1";"19";"1.4";"1.4";"21";"<30";"11";" <0.10";"<0.005";"<0.001";"630";" <0.15";"23";"Extremadamente deteriorada"
"40";"Playa La Bagliardi";"BS091";"23/8/2022";"2022";"invierno";"10";"12";"No se midió";"8.32";"Ausencia";"Ausencia";"Ausencia";"Ausencia";"9000";"2";"570";"16.2";"5.4";"1.3";"1";"no se midió";"<30";"25";" <0.10";"<0.005";"<0.001";"1730";" <0.15";"38";"Extremadamente deteriorada"
"41";"Balneario Municipal";"BS094";"23/8/2022";"2022";"invierno";"10";"12";"No se midió";"8.95";"Ausencia";"Ausencia";"Ausencia";"Ausencia";"400";"200";"30";"5";"0.17";"0.26";"1.4";"4.6";"33";"37";" <0.10";"<0.005";"<0.001";"6410";" 0.57";"41";"Extremadamente deteriorada"
"42";"Playa La Balandra";"BS093";"23/8/2022";"2022";"invierno";"9";"11";"No se midió";"8.44";"Ausencia";"Ausencia";"Ausencia";"Ausencia";"1300";"200";"40";"3.3";"2";"0.59";"0.59";"5.7";"34";"28";" <0.10";"<0.005";"<0.001";"720";" 0.23";"46";"Muy deteriorada"
"1";"Canal Villanueva y Río Luján";"TI001";"31/10/2022";"2022";"Primavera";"21.5";"15";"8.3";"7,8";"Ausencia";"Ausencia";"Ausencia";"Ausencia";"160";"100";"160";"3.4";"0.1";"<0.10";"<0.10";"no se midió";"<30";"30";"<0.10";"<0.005";"<0.001";"0.3";"<0.15";"61";"Muy deteriorada"
"2";"Río Lujan y Arroyo Caraguatá";"TI006";"31/10/2022";"2022";"Primavera";"20.9";"15";"6.43";"7,58";"Ausencia";"Ausencia";"Ausencia";"Ausencia";"200";"100";"300";"2.7";"0.83";"0.19";"0.18";"no se midió";"<30";"26";"<0.10";"<0.005";"<0.001";"0.0";"<0.15";"40";"Extremadamente deteriorada"
"3";"Canal Aliviador y Río Lujan";"TI002";"31/10/2022";"2022";"Primavera";"20.4";"14";"6.24";"7,67";"Ausencia";"Ausencia";"Ausencia";"Ausencia";"4000";"3000";"600";"2.8";"1";"0.2";"0.20";"no se midió";"<30";"28";"<0.10";"<0.005";"<0.001";"0.4";"<0.15";"40";"Extremadamente deteriorada"
"4";"Río Carapachay y Arroyo Gallo Fiambre";"TI003";"31/10/2022";"2022";"Primavera";"20.2";"14";"5.8";"7,57";"Ausencia";"Ausencia";"Ausencia";"Ausencia";"300";"200";"420";"2.8";"1.4";"0.33";"0.33";"no se midió";"36";"25";"<0.10";"<0.005";"<0.001";"0.3";"<0.15";"36";"Extremadamente deteriorada"
"5";"Río Reconquista y Río Lujan";"TI004";"31/10/2022";"2022";"Primavera";"19.7";"14";"5.68";"7,5";"Ausencia";"Ausencia";"Ausencia";"Ausencia";"2400";"2100";"550";"2.7";"0.98";"0.35";"0.32";"no se midió";"33";"30";"<0.10";"<0.005";"<0.001";"0.0";"<0.15";"56";"Muy deteriorada"
"6";"Rio Tigre 100m antes del Rio Luján";"TI005";"31/10/2022";"2022";"Primavera";"20";"11";"5.24";"7,4";"Ausencia";"Ausencia";"Ausencia";"Ausencia";"15200";"14400";"2500";"2.7";"0.83";"0.19";"0.18";"no se midió";"<30";"26";"<0.10";"<0.005";"<0.001";"0.0";"<0.15";"67";"Deteriorada"
"7";"Río Lujan y Canal San Fernando";"TI007";"31/10/2022";"2022";"Primavera";"19";"11";"6.35";"7,57";"Ausencia";"Ausencia";"Ausencia";"Presencia";"12000";"11500";"700";"2.9";"1.1";"0.32";"0.31";"no se midió";"30";"30";"<0.10";"<0.005";"<0.001";"0.5";"<0.15";"52";"Muy deteriorada"
"8";"Río Capitán y Río San Antonio";"TI008";"31/10/2022";"2022";"Primavera";"19.2";"12";"6.91";"8,02";"Ausencia";"Ausencia";"Ausencia";"Ausencia";"830";"820";"640";"2.5";"0.1";"0.19";"0.16";"no se midió";"36";"29";"<0.10";"<0.005";"<0.001";"0.3";"<0.15";"50";"Muy deteriorada"
"9";"Arroyo Abra Vieja y Santa Rosa";"TI009";"31/10/2022";"2022";"Primavera";"18.6";"12";"7.21";"7,67";"Ausencia";"Ausencia";"Ausencia";"Ausencia";"1060";"850";"620";"2.6";"0.12";"0.36";"0.19";"no se midió";"<30";"35";"<0.10";"6";"<0.001";"1.0";"<0.15";"50";"Muy deteriorada"
"10";"Del Arca";"SF015";"31/10/2022";"2022";"Primavera";"20.4";"14";"7.78";"6,85";"Ausencia";"Ausencia";"Ausencia";"Ausencia";"1300";"1000";"260";"3.7";"0.74";"0.23";"0.23";"no se midió";"<30";"39";"<0.10";"<0.005";"<0.001";"0.1";"<0.15";"58";"Muy deteriorada"
"11";"Espigón La Farola";"SI021";"no se midió";"no se midió";"no se midió";"no se midió";"no se midió";"no se midió";"no se midió";"no se midió";"no se midió";"no se midió";"no se midió";"no se midió";"no se midió";"no se midió";"no se midió";"no se midió";"no se midió";"no se midió";"no se midió";"no se midió";"no se midió";"no se midió";"no se midió";"no se midió";"no se midió";"no se midió";"";""
"12";"Reserva Ecológica";"SI022";"31/10/2022";"2022";"Primavera";"21";"19.0";"6.4";"7";"ausencia";"ausencia";"ausencia";"ausencia";"300";"160";"110";"3.6";"1.3";"0.33";"0.32";"no se midió";"39";"29";"<0.10";"<0.005";"<0.001";"5.9";"<0.15";"41";"Extremadamente deteriorada"
"13";"Playa Espigón de Pacheco";"SI024";"31/10/2022";"2022";"Primavera";"18.4";"17.0";"8.2";"7,51";"ausencia";"ausencia";"ausencia";"ausencia";"6500";"6200";"4000";"4.9";"1";"0.33";"0.33";"no se midió";"30";"29";"<0.10";"6";"<0.001";"0.6";"<0.15";"58";"Muy deteriorada"
"14";"Perú Puente";"SI023";"31/10/2022";"2022";"Primavera";"21";"19.0";"3.3";"7";"ausencia";"ausencia";"ausencia";"ausencia";"6500";"6600";"1500";"6.3";"7.1";"0.86";"0.86";"no se midió";"32";"9.3";"<0.10";"<0.005";"<0.001";"0.2";"<0.15";"51";"Muy deteriorada"
"15";"Reserva Barrio El Ceibo";"VL033";"31/10/2022";"2022";"Primavera";"19.4";"15.1";"9.91";"7,53";"ausencia";"ausencia";"ausencia";"ausencia";"2100";"1700";"310";"4.2";"0.72";"0.28";"0.27";"no se midió";"<30";"28";"<0.10";"<0.005";"<0.001";"0.0";"<0.15";"60";"Muy deteriorada"
"16";"Puerto de Olivos Espigón";"VL032";"31/10/2022";"2022";"Primavera";"18.5";"15.1";"8.62";"7,41";"ausencia";"ausencia";"ausencia";"presencia";"4200";"4000";"570";"4.4";"0.93";"0.29";"0.29";"no se midió";"<30";"19";"<0.10";"<0.005";"<0.001";"0.7";"<0.15";"50";"Muy deteriorada"
"17";"Costa y Melo";"VL031";"31/10/2022";"2022";"Primavera";"18.6";"12.3";"8.83";"7,79";"ausencia";"ausencia";"ausencia";"ausencia";"6600";"6600";"1500";"3.7";"1";"0.47";"0.30";"no se midió";"<30";"19";"<0.10";"6";"<0.001";"3.1";"<0.15";"49";"Muy deteriorada"
"18";"Parque de los Niños";"CA041";"no midieron este día";"no midieron este día";"no midieron este día";"no midieron este día";"no midieron este día";"no midieron este día";"no midieron este día";"no midieron este día";"no midieron este día";"no midieron este día";"no midieron este día";"no midieron este día";"no midieron este día";"no midieron este día";"no midieron este día";"no midieron este día";"no midieron este día";"no midieron este día";"no midieron este día";"no midieron este día";"no midieron este día";"no midieron este día";"no midieron este día";"no midieron este día";"no midieron este día";"no midieron este día";"";""
"19";"Costanera Norte - Espigón Abanico";"CA044";"no midieron este día";"no midieron este día";"no midieron este día";"no midieron este día";"no midieron este día";"no midieron este día";"no midieron este día";"no midieron este día";"no midieron este día";"no midieron este día";"no midieron este día";"no midieron este día";"no midieron este día";"no midieron este día";"no midieron este día";"no midieron este día";"no midieron este día";"no midieron este día";"no midieron este día";"no midieron este día";"no midieron este día";"no midieron este día";"no midieron este día";"no midieron este día";"no midieron este día";"no midieron este día";"";""
"20";"Club de Pescadores";"CA046";"no midieron este día";"no midieron este día";"no midieron este día";"no midieron este día";"no midieron este día";"no midieron este día";"no midieron este día";"no midieron este día";"no midieron este día";"no midieron este día";"no midieron este día";"no midieron este día";"no midieron este día";"no midieron este día";"no midieron este día";"no midieron este día";"no midieron este día";"no midieron este día";"no midieron este día";"no midieron este día";"no midieron este día";"no midieron este día";"no midieron este día";"no midieron este día";"no midieron este día";"no midieron este día";"";""
"21";"Reserva Ecológica Costanera Sur - Playita";"CA047";"no midieron este día";"no midieron este día";"no midieron este día";"no midieron este día";"no midieron este día";"no midieron este día";"no midieron este día";"no midieron este día";"no midieron este día";"no midieron este día";"no midieron este día";"no midieron este día";"no midieron este día";"no midieron este día";"no midieron este día";"no midieron este día";"no midieron este día";"no midieron este día";"no midieron este día";"no midieron este día";"no midieron este día";"no midieron este día";"no midieron este día";"no midieron este día";"no midieron este día";"no midieron este día";"";""
"22";"Escollera de Propaneros";"AV054";"31/10/2022";"2022";"Primavera";"18.89";"12";"3.99";"7,22";"Ausente";"Ausente";"Ausente";"Ausente";"700";"500";"40";"3.2";"3.3";"0.78";"0.66";"no se midió";"<30";"14";"<0.10";"7";"<0.001";"6.4";"<0.15";"37";"Extremadamente deteriorada"
"23";"Polo Petroquímico Dock Sud";"AV051";"31/10/2022";"2022";"Primavera";"18.43";"13";"5.37";"7,47";"Ausente";"Ausente";"Ausente";"Ausente";"1400";"1350";"80";"3.6";"2.2";"0.57";"0.54";"no se midió";"<30";"16";"<0.10";"<0.005";"<0.001";"0.8";"<0.15";"52";"Muy deteriorada"
"24";"Arroyo Sarandí";"AV052";"31/10/2022";"2022";"Primavera";"18.5";"14";"6.6";"7,67";"Ausente";"Ausente";"Ausente";"Ausente";"1000";"800";"20";"3.3";"2.5";"0.55";"0.54";"no se midió";"<30";"18";"<0.10";"<0.005";"<0.001";"8.2";"<0.15";"43";"Extremadamente deteriorada"
"25";"Costa de Villa Domínico";"AV055";"31/10/2022";"2022";"Primavera";"18.5";"14";"6.1";"8,02";"Ausente";"Ausente";"Ausente";"Ausente";"6000";"6000";"100";"3.3";"1.3";"30.12";"0.40";"no se midió";"<30";"15";"<0.10";"<0.005";"<0.001";"28.8";"<0.15";"40";"Extremadamente deteriorada"
"26";"Arroyo Santo Domingo";"AV053";"31/10/2022";"2022";"Primavera";"17.1";"14";"07.06";"8";"Ausente";"Ausente";"Ausente";"Ausente";"1300";"1000";"120";"3.6";"1.6";"0.67";"0.52";"no se midió";"<30";"21";"<0.10";"7";"<0.001";"40.9";"<0.15";"40";"Extremadamente deteriorada"
"27";"Espora 400 m";"QU061";"31/10/2022";"2022";"Primavera";"18.5";"13";"7.49";"7,06";"Ausencia";"Ausencia";"Ausencia";"Presencia";"80";"70";"4";"4.7";"1.3";"0.31";"0.30";"no se midió";"<30";"17";"<0.10";"<0.005";"<0.001";"0.0";"<0.15";"62";"Muy deteriorada"
"28";"Náutico 400 m";"QU062";"31/10/2022";"2022";"Primavera";"18.6";"13";"7.38";"7,08";"Ausencia";"Ausencia";"Ausencia";"Presencia";"120";"80";"20";"5.1";"0.71";"0.49";"0.31";"no se midió";"<30";"20";"<0.10";"<0.005";"<0.001";"17.0";"<0.15";"41";"Extremadamente deteriorada"
"29";"Pejerrey Club 400 m";"QU063";"31/10/2022";"2022";"Primavera";"18.3";"13";"7";"7,24";"Ausencia";"Ausencia";"Presencia";"Ausencia";"900";"800";"20";"5.6";"0.64";"0.76";"0.44";"no se midió";"39";"25";"<0.10";"6";"<0.001";"63.7";"<0.15";"36";"Extremadamente deteriorada"
"30";"Calle 14 y Costa - Salida cloaca";"BZ078";"31/10/2022";"2022";"Primavera";"15.04";"11";"11.02";"8,05";"Ausencia";"Ausencia";"Ausencia";"Ausencia";"1600";"1600";"320";"7.2";"0.45";"0.88";"0.28";"no se midió";"37";"37";"<0.10";"12";"<0.001";"92.4";"<0.15";"40";"Extremadamente deteriorada"
"31";"Puerto Trinidad calle 47";"BZ077";"31/10/2022";"2022";"Primavera";"18.06";"16";"10.39";"8,03";"Ausencia";"Ausencia";"Ausencia";"Ausencia";"360";"330";"100";"8.5";"0.66";"0.31";"0.31";"no se midió";"30";"25";"<0.10";"<0.005";"<0.001";"8.5";"<0.15";"39";"Extremadamente deteriorada"
"32";"Costanera Hudson Calle 63";"BZ080";"31/10/2022";"2022";"Primavera";"18.7";"12";"8.54";"7,58";"Ausencia";"Ausencia";"Ausencia";"Ausencia";"600";"500";"270";"5.9";"0.22";"0.51";"0.31";"no se midió";"48";"34";"<0.10";"8";"<0.001";"11.7";"<0.15";"40";"Extremadamente deteriorada"
"33";"Boca Cerrada (Res.Nat. Punta Lara)";"EN-extra";"31/10/2022";"2022";"Primavera";"no se midió";"10";"no se midió";"no se midió";"Ausencia";"Ausencia";"Ausencia";"Ausencia";"150";"100";"30";"6.2";"0.14";"0.60";"0.38";"no se midió";"72";"39";"<0.10";"10";"<0.001";"74.2";"<0.15";"41";"Extremadamente deteriorada"
"34";"Camping Eva Perón";"EN081";"31/10/2022";"2022";"Primavera";"16";"7";"11.05";"9,17";"Ausencia";"Ausencia";"Ausencia";"Ausencia";"210";"80";"90";"5.9";"0.15";"0.36";"0.21";"no se midió";"33";"31";"<0.10";"<0.005";"<0.001";"36.5";"0.19";"38";"Extremadamente deteriorada"
"35";"Toma de agua Club de Pesca";"EN082";"31/10/2022";"2022";"Primavera";"17.2";"6";"8.38";"8,09";"Ausencia";"Ausencia";"Ausencia";"Ausencia";"95";"35";"50";"5.7";"0.41";"0.29";"0.23";"no se midió";"46";"26";"<0.10";"<0.005";"<0.001";"29.4";"<0.15";"41";"Extremadamente deteriorada"
"36";"Arroyo El Gato";"EN083";"31/10/0202";"2022";"Primavera";"18";"4";"7.36";"7,87";"Ausencia";"Ausencia";"Ausencia";"Ausencia";"800";"700";"220";"5.4";"2.3";"0.36";"0.23";"no se midió";"<30";"23";"<0.10";"<0.005";"<0.001";"16.7";"<0.15";"37";"Extremadamente deteriorada"
"37";"Ensenada Prefectura Isla Santiago";"EN084";"31/10/0202";"2022";"Primavera";"17.1";"5";"8.98";"8,05";"Ausencia";"Ausencia";"Ausencia";"Ausencia";"130";"30";"45";"6.1";"0.4";"0.24";"0.24";"no se midió";"<30";"39";"<0.10";"<0.005";"<0.001";"0.6";"<0.15";"54";"Muy deteriorada"
"38";"Balneario Palo Blanco";"BS092";"31/10/2022";"2022";"Primavera";"10";"12";"no se midió";"no se midió";"Ausencia";"Ausencia";"Ausencia";"Presencia";"800";"600";"400";"6.9";"0.38";"0.24";"0.24";"no se midió";"<30";"23";"<0.10";"<0.005";"<0.001";"2.1";"<0.15";"43";"Extremadamente deteriorada"
"39";"Diagonal 66 (descarga cloaca)";"BS095";"31/10/2022";"2022";"Primavera";"10";"12";"no se midió";"no se midió";"Ausencia";"Presencia";"Ausencia";"Presencia";"80000";"80000";"12000";"5.2";"1.2";"30.12";"0.39";"no se midió";"31";"18.2";"<0.10";"<0.005";"<0.001";"20.2";"<0.15";"37";"Extremadamente deteriorada"
"40";"Playa La Bagliardi";"BS091";"31/10/2022";"2022";"Primavera";"10";"12";"no se midió";"no se midió";"Ausencia";"Ausencia";"Ausencia";"Presencia";"1400";"1000";"380";"4.6";"0.8";"0.45";"0.43";"no se midió";"<30";"40";"<0.10";"<0.005";"<0.001";"0.2";"<0.15";"49";"Muy deteriorada"
"41";"Balneario Municipal";"BS094";"31/10/2022";"2022";"Primavera";"10";"12";"no se midió";"no se midió";"Ausencia";"Ausencia";"Ausencia";"Presencia";"1800";"1500";"500";"5.2";"0.55";"0.27";"0.27";"no se midió";"39";"90";"<0.10";"5";"<0.001";"10.5";"<0.15";"39";"Extremadamente deteriorada"
"42";"Playa La Balandra";"BS093";"31/10/2022";"2022";"Primavera";"10";"12";"no se midió";"no se midió";"Ausencia";"Ausencia";"Ausencia";"Presencia";"900";"600";"480";"5.1";"0.21";"0.48";"0.35";"no se midió";"<30";"70";"<0.10";"5";"<0.001";"48.0";"<0.15";"34";"Extremadamente deteriorada"